url,status,origin
https://cancerbymychem.wordpress.com/2015/05/29/momento-random/?share=twitter&nb=1,403,https://cancerbymychem.wordpress.com/2015/05/29/momento-random/
https://cancerbymychem.wordpress.com/2015/05/21/leer-harry-potter-te-hace-mejor-persona/?share=twitter&nb=1,403,https://cancerbymychem.wordpress.com/2015/05/21/leer-harry-potter-te-hace-mejor-persona/
https://cancerbymychem.wordpress.com/2015/04/24/personajes-reales-de-harry-potter/?share=twitter&nb=1,403,https://cancerbymychem.wordpress.com/2015/04/24/personajes-reales-de-harry-potter/
https://cancerbymychem.wordpress.com/2015/04/23/porque-voldemort-mata-a-los-padres-de-harry-potter/?share=twitter&nb=1,403,https://cancerbymychem.wordpress.com/2015/04/23/porque-voldemort-mata-a-los-padres-de-harry-potter/
https://cancerbymychem.wordpress.com/2015/03/06/porque-voldemort-quiere-matar-a-harry-potter/?share=twitter&nb=1,403,https://cancerbymychem.wordpress.com/2015/03/06/porque-voldemort-quiere-matar-a-harry-potter/
https://cancerbymychem.wordpress.com/2015/03/05/pureza-de-sangre/?share=twitter&nb=1,403,https://cancerbymychem.wordpress.com/2015/03/05/pureza-de-sangre/
https://cancerbymychem.wordpress.com/2015/03/05/que-es-un-patronus/?share=twitter&nb=1,403,https://cancerbymychem.wordpress.com/2015/03/05/que-es-un-patronus/
https://cancerbymychem.wordpress.com/2015/02/26/que-es-el-colegio-hogwarts-de-magia-y-hechiceria/?share=twitter&nb=1,403,https://cancerbymychem.wordpress.com/2015/02/26/que-es-el-colegio-hogwarts-de-magia-y-hechiceria/
https://cancerbymychem.wordpress.com/2015/02/26/noticia/?share=twitter&nb=1,403,https://cancerbymychem.wordpress.com/2015/02/26/noticia/
https://cancerbymychem.wordpress.com/2015/02/20/nuevo-libro-que-saldra-a-la-venta-muy-pronto-lo-animales-fantasticos-y-donde-encontrarlos/?share=twitter&nb=1,403,https://cancerbymychem.wordpress.com/2015/02/20/nuevo-libro-que-saldra-a-la-venta-muy-pronto-lo-animales-fantasticos-y-donde-encontrarlos/
https://cancerbymychem.wordpress.com/2015/05/29/momento-random/?share=twitter&nb=1,403,Direct Access
https://cancerbymychem.wordpress.com/2014/11/13/sinopsis-y-argumento-de-harry-potter-y-la-piedra-filosofal/?share=twitter&nb=1,403,https://cancerbymychem.wordpress.com/2014/11/13/sinopsis-y-argumento-de-harry-potter-y-la-piedra-filosofal/
https://cancerbymychem.wordpress.com/2014/11/03/biografia-de-la-autora-de-harry-potter-j-k-rowling/?share=twitter&nb=1,403,https://cancerbymychem.wordpress.com/2014/11/03/biografia-de-la-autora-de-harry-potter-j-k-rowling/
https://cancerbymychem.wordpress.com/2015/02/02/momento-inspirador-%e2%9c%8c/?share=twitter&nb=1,403,https://cancerbymychem.wordpress.com/2015/02/02/momento-inspirador-%e2%9c%8c/
https://cancerbymychem.wordpress.com/2015/05/21/leer-harry-potter-te-hace-mejor-persona/?share=twitter&nb=1,403,Direct Access
https://cancerbymychem.wordpress.com/2015/01/16/que-es-harry-potter/?share=twitter&nb=1,403,https://cancerbymychem.wordpress.com/2015/01/16/que-es-harry-potter/
https://cancerbymychem.wordpress.com/2014/10/23/personajes-de-harry-potter/?share=twitter&nb=1,403,https://cancerbymychem.wordpress.com/2014/10/23/personajes-de-harry-potter/
https://cancerbymychem.wordpress.com/2014/11/03/objetos-magicos-del-mundo-harry-potter/?share=twitter&nb=1,403,https://cancerbymychem.wordpress.com/2014/11/03/objetos-magicos-del-mundo-harry-potter/
https://cancerbymychem.wordpress.com/2015/04/24/personajes-reales-de-harry-potter/?share=twitter&nb=1,403,Direct Access
https://cancerbymychem.wordpress.com/2014/11/07/y-por-ultimo-pero-no-menos-importantes-otros-personajes-de-esta-maravillosa-saga/?share=twitter&nb=1,403,https://cancerbymychem.wordpress.com/2014/11/07/y-por-ultimo-pero-no-menos-importantes-otros-personajes-de-esta-maravillosa-saga/
https://cancerbymychem.wordpress.com/2015/01/23/snape-cual-es-el-mejor-personaje-de-harry-potter/?share=twitter&nb=1,403,https://cancerbymychem.wordpress.com/2015/01/23/snape-cual-es-el-mejor-personaje-de-harry-potter/
https://cancerbymychem.wordpress.com/2015/04/23/porque-voldemort-mata-a-los-padres-de-harry-potter/?share=twitter&nb=1,403,Direct Access
https://cancerbymychem.wordpress.com/2015/03/06/porque-voldemort-quiere-matar-a-harry-potter/?share=twitter&nb=1,403,Direct Access
https://cancerbymychem.wordpress.com/2015/03/05/pureza-de-sangre/?share=twitter&nb=1,403,Direct Access
https://cancerbymychem.wordpress.com/2014/10/30/historias-de-los-personajes-protagonistas/?share=twitter&nb=1,403,https://cancerbymychem.wordpress.com/2014/10/30/historias-de-los-personajes-protagonistas/
https://cancerbymychem.wordpress.com/2014/11/06/el-resto-de-los-personajes-de-la-saga/?share=twitter&nb=1,403,https://cancerbymychem.wordpress.com/2014/11/06/el-resto-de-los-personajes-de-la-saga/
https://cancerbymychem.wordpress.com/2015/03/05/que-es-un-patronus/?share=twitter&nb=1,403,Direct Access
https://cancerbymychem.wordpress.com/2015/02/05/que-son-y-cuales-son-los-horrocruxes/?share=twitter&nb=1,403,https://cancerbymychem.wordpress.com/2015/02/05/que-son-y-cuales-son-los-horrocruxes/
https://cancerbymychem.wordpress.com/2014/11/14/argumento-de-harry-potter-y-la-orden-del-fenix/?share=twitter&nb=1,403,https://cancerbymychem.wordpress.com/2014/11/14/argumento-de-harry-potter-y-la-orden-del-fenix/
https://cancerbymychem.wordpress.com/2015/02/26/que-es-el-colegio-hogwarts-de-magia-y-hechiceria/?share=twitter&nb=1,403,Direct Access
https://cancerbymychem.wordpress.com/2015/02/26/noticia/?share=twitter&nb=1,403,Direct Access
https://cancerbymychem.wordpress.com/2015/02/20/nuevo-libro-que-saldra-a-la-venta-muy-pronto-lo-animales-fantasticos-y-donde-encontrarlos/?share=twitter&nb=1,403,Direct Access
https://cancerbymychem.wordpress.com/2015/02/20/lugares-alguna-vez-nombrados-en-alguna-pelicula-de-la-saga/?share=twitter&nb=1,403,https://cancerbymychem.wordpress.com/2015/02/20/lugares-alguna-vez-nombrados-en-alguna-pelicula-de-la-saga/
https://cancerbymychem.wordpress.com/2015/02/20/otras-coas-curiosas/?share=twitter&nb=1,403,https://cancerbymychem.wordpress.com/2015/02/20/otras-coas-curiosas/
https://cancerbymychem.wordpress.com/2015/01/29/un-pequeno-test/?share=twitter&nb=1,403,https://cancerbymychem.wordpress.com/2015/01/29/un-pequeno-test/
https://cancerbymychem.wordpress.com/2015/01/29/que-es-el-sombrero-seleccionador-y-para-que-sirve/?share=twitter&nb=1,403,https://cancerbymychem.wordpress.com/2015/01/29/que-es-el-sombrero-seleccionador-y-para-que-sirve/
https://cancerbymychem.wordpress.com/2015/01/23/que-son-las-reliquias-de-la-muerte/?share=twitter&nb=1,403,https://cancerbymychem.wordpress.com/2015/01/23/que-son-las-reliquias-de-la-muerte/
https://cancerbymychem.wordpress.com/2014/11/13/sinopsis-y-argumento-de-harry-potter-y-la-piedra-filosofal/?share=twitter&nb=1,403,Direct Access
https://cancerbymychem.wordpress.com/2014/11/03/biografia-de-la-autora-de-harry-potter-j-k-rowling/?share=twitter&nb=1,403,Direct Access
https://cancerbymychem.wordpress.com/2015/02/02/momento-inspirador-%e2%9c%8c/?share=twitter&nb=1,403,Direct Access
https://cancerbymychem.wordpress.com/2015/01/16/que-es-harry-potter/?share=twitter&nb=1,403,Direct Access
https://cancerbymychem.wordpress.com/2014/10/23/personajes-de-harry-potter/?share=twitter&nb=1,403,Direct Access
https://cancerbymychem.wordpress.com/2014/11/03/objetos-magicos-del-mundo-harry-potter/?share=twitter&nb=1,403,Direct Access
https://cancerbymychem.wordpress.com/2014/11/07/y-por-ultimo-pero-no-menos-importantes-otros-personajes-de-esta-maravillosa-saga/?share=twitter&nb=1,403,Direct Access
https://cancerbymychem.wordpress.com/2015/01/23/snape-cual-es-el-mejor-personaje-de-harry-potter/?share=twitter&nb=1,403,Direct Access
https://cancerbymychem.wordpress.com/2014/10/30/historias-de-los-personajes-protagonistas/?share=twitter&nb=1,403,Direct Access
https://cancerbymychem.wordpress.com/2014/11/06/el-resto-de-los-personajes-de-la-saga/?share=twitter&nb=1,403,Direct Access
https://cancerbymychem.wordpress.com/2015/02/05/que-son-y-cuales-son-los-horrocruxes/?share=twitter&nb=1,403,Direct Access
https://cancerbymychem.wordpress.com/2014/11/14/argumento-de-harry-potter-y-la-orden-del-fenix/?share=twitter&nb=1,403,Direct Access
https://cancerbymychem.wordpress.com/2015/02/20/lugares-alguna-vez-nombrados-en-alguna-pelicula-de-la-saga/?share=twitter&nb=1,403,Direct Access
https://cancerbymychem.wordpress.com/2015/02/20/otras-coas-curiosas/?share=twitter&nb=1,403,Direct Access
https://cancerbymychem.wordpress.com/2015/01/29/un-pequeno-test/?share=twitter&nb=1,403,Direct Access
https://cancerbymychem.wordpress.com/2015/01/29/que-es-el-sombrero-seleccionador-y-para-que-sirve/?share=twitter&nb=1,403,Direct Access
https://cancerbymychem.wordpress.com/2015/01/23/que-son-las-reliquias-de-la-muerte/?share=twitter&nb=1,403,Direct Access
